[
  {
    "title": "DJ Remix Track 1",
    "file": "https://odisharemix.com/files/download/id/5926",
    "slug": "dj-remix-track-1",
    "category": "Tapori",
    "size": "5 MB",
    "time": "2025-08-24",
    "cover": "assets/images/dj-remix-cover.png"
  },
  {
    "title": "DJ Remix Track 2",
    "file": "https://example.com/music/track2.mp3",
    "slug": "dj-remix-track-2",
    "category": "EDM",
    "size": "6 MB",
    "time": "2025-08-23",
    "cover": "assets/images/dj-remix-cover.png"
  },
  {
    "title": "DJ Remix Track 3",
    "file": "https://example.com/music/track3.mp3",
    "slug": "dj-remix-track-3",
    "category": "Bass",
    "size": "4 MB",
    "time": "2025-08-22",
    "cover": "assets/images/dj-remix-cover.png"
  },
  {
    "title": "DJ Remix Track 4",
    "file": "https://example.com/music/track4.mp3",
    "slug": "dj-remix-track-4",
    "category": "Sad",
    "size": "5 MB",
    "time": "2025-08-21",
    "cover": "assets/images/dj-remix-cover.png"
  },
  {
    "title": "DJ Remix Track 5",
    "file": "https://example.com/music/track5.mp3",
    "slug": "dj-remix-track-5",
    "category": "Tapori",
    "size": "6 MB",
    "time": "2025-08-20",
    "cover": "assets/images/dj-remix-cover.png"
  },
  {
    "title": "DJ Remix Track 6",
    "file": "https://example.com/music/track6.mp3",
    "slug": "dj-remix-track-6",
    "category": "EDM",
    "size": "4 MB",
    "time": "2025-08-19",
    "cover": "assets/images/dj-remix-cover.png"
  },
  {
    "title": "DJ Remix Track 7",
    "file": "https://example.com/music/track7.mp3",
    "slug": "dj-remix-track-7",
    "category": "Bass",
    "size": "5 MB",
    "time": "2025-08-18",
    "cover": "assets/images/dj-remix-cover.png"
  },
  {
    "title": "DJ Remix Track 8",
    "file": "https://example.com/music/track8.mp3",
    "slug": "dj-remix-track-8",
    "category": "Sad",
    "size": "6 MB",
    "time": "2025-08-17",
    "cover": "assets/images/dj-remix-cover.png"
  },
  {
    "title": "DJ Remix Track 9",
    "file": "https://example.com/music/track9.mp3",
    "slug": "dj-remix-track-9",
    "category": "Tapori",
    "size": "4 MB",
    "time": "2025-08-16",
    "cover": "assets/images/dj-remix-cover.png"
  },
  {
    "title": "DJ Remix Track 10",
    "file": "https://example.com/music/track10.mp3",
    "slug": "dj-remix-track-10",
    "category": "EDM",
    "size": "5 MB",
    "time": "2025-08-15",
    "cover": "assets/images/dj-remix-cover.png"
  }
]